{
    "amp": 0.025000000000000005,
    "show_trans_amp": 0.01767766952966369,
    "g_real": -0.3576365165867417,
    "g_imag": -0.06134207569228725,
    "e_real": 0.00019114033589451727,
    "e_imag": -0.0005488127072212451,
    "g_abs_square": 0.13166672824653705,
    "e_abs_square": 3.3773001561338097e-07
}