{
    "amp": 0.010000000000000002,
    "show_trans_amp": 0.007071067811865476,
    "g_real": -0.14305639801708353,
    "g_imag": -0.024536157862845243,
    "e_real": 7.61250413974437e-05,
    "e_imag": -0.00021855985537373422,
    "g_abs_square": 0.021067156056292682,
    "e_abs_square": 5.3563432308750133e-08
}