{
    "amp": 0.04,
    "show_trans_amp": 0.028284271247461898,
    "g_real": -0.5722064646569073,
    "g_imag": -0.09813973493102257,
    "e_real": 0.0003040991144514389,
    "e_imag": -0.000873075741794776,
    "g_abs_square": 0.3370516457674878,
    "e_abs_square": 8.547375223206477e-07
}