{
    "amp": 0.035,
    "show_trans_amp": 0.024748737341529162,
    "g_real": -0.500684950476302,
    "g_imag": -0.08587404746799635,
    "e_real": 0.0002663882119110917,
    "e_imag": -0.0007648659733435882,
    "g_abs_square": 0.2580597716619927,
    "e_abs_square": 6.559826366240234e-07
}