{
    "amp": 0.005,
    "show_trans_amp": 0.0035355339059327372,
    "g_real": -0.07152819900775204,
    "g_imag": -0.01226807893122307,
    "e_real": 3.8062521830053116e-05,
    "e_imag": -0.00010927992709042369,
    "g_abs_square": 0.005266789013955298,
    "e_abs_square": 1.3390858032951587e-08
}