{
    "amp": 0.045000000000000005,
    "show_trans_amp": 0.03181980515339464,
    "g_real": -0.6437257518659338,
    "g_imag": -0.11040570692949002,
    "e_real": 0.00034203830325609853,
    "e_imag": -0.0009819969420721598,
    "g_abs_square": 0.4265722637379622,
    "e_abs_square": 1.0813081951333837e-06
}