{
    "amp": 0.020000000000000004,
    "show_trans_amp": 0.014142135623730952,
    "g_real": -0.2861104916428045,
    "g_imag": -0.0490742673329609,
    "e_real": 0.00015302392579154904,
    "e_imag": -0.0004393653288200571,
    "g_abs_square": 0.08426749714235421,
    "e_abs_square": 2.164582140338144e-07
}