{
    "amp": 0.030000000000000006,
    "show_trans_amp": 0.021213203435596427,
    "g_real": -0.4291615134612632,
    "g_imag": -0.07360854057838567,
    "e_real": 0.00022889265058888557,
    "e_imag": -0.0006571614398005788,
    "g_abs_square": 0.18959782188244184,
    "e_abs_square": 4.842530034543755e-07
}