{
    "amp": 0.05,
    "show_trans_amp": 0.035355339059327376,
    "g_real": -0.7152423082092386,
    "g_imag": -0.12267107533941157,
    "e_real": 0.00037995192924456504,
    "e_imag": -0.0010908435060322092,
    "g_abs_square": 0.5266197521774071,
    "e_abs_square": 1.3343030231893097e-06
}