{
    "amp": 0.015000000000000003,
    "show_trans_amp": 0.010606601717798213,
    "g_real": -0.21458459702676022,
    "g_imag": -0.03680423679453248,
    "e_real": 0.00011418756034895343,
    "e_imag": -0.00032783978396315434,
    "g_abs_square": 0.04740110112716509,
    "e_abs_square": 1.2051772288745356e-07
}