{
    "amp": 0.13435028842544405,
    "show_trans_amp": 0.09500000000000001,
    "g_real": 0.0,
    "g_imag": -0.0031107137419471268,
    "e_real": 1.9229666192456238,
    "e_imag": 0.32016760575891456,
    "g_abs_square": 9.676539984338695e-06,
    "e_abs_square": 3.80030791451034
}