{
    "amp": 0.021213203435596427,
    "show_trans_amp": 0.015,
    "g_real": 0.0,
    "g_imag": -0.0004934677810286347,
    "e_real": 0.30371771629496114,
    "e_imag": 0.05055978780057448,
    "g_abs_square": 2.435104509133246e-07,
    "e_abs_square": 0.09480074333386562
}