{
    "amp": 0.028284271247461905,
    "show_trans_amp": 0.02,
    "g_real": 0.0,
    "g_imag": -0.0006569554562067085,
    "e_real": 0.40495345992381476,
    "e_imag": 0.06741395798738117,
    "g_abs_square": 4.3159047143976445e-07,
    "e_abs_square": 0.168531946435793
}