{
    "amp": 0.1202081528017131,
    "show_trans_amp": 0.085,
    "g_real": 0.0,
    "g_imag": -0.002782378255615677,
    "e_real": 1.7205755275788865,
    "e_imag": 0.28647282044282624,
    "g_abs_square": 7.741628757322938e-06,
    "e_abs_square": 3.0424468229558315
}