{
    "amp": 0.049497474683058325,
    "show_trans_amp": 0.034999999999999996,
    "g_real": 0.0,
    "g_imag": -0.0011451157974841487,
    "e_real": 0.7086352192291229,
    "e_imag": 0.11797765115131621,
    "g_abs_square": 1.311290189647758e-06,
    "e_abs_square": 0.5160826001030885
}