{
    "amp": 0.11313708498984762,
    "show_trans_amp": 0.08,
    "g_real": 0.0,
    "g_imag": -0.0026183147070362716,
    "e_real": 1.6193804625833372,
    "e_imag": 0.26962499129412726,
    "g_abs_square": 6.855571905082437e-06,
    "e_abs_square": 2.6950907185269815
}