{
    "amp": 0.07778174593052023,
    "show_trans_amp": 0.055,
    "g_real": 0.0,
    "g_imag": -0.0017995354705153393,
    "e_real": 1.1134179192555589,
    "e_imag": 0.18538103755971608,
    "g_abs_square": 3.2383279096428636e-06,
    "e_abs_square": 1.2740655920060948
}