{
    "amp": 0.04242640687119286,
    "show_trans_amp": 0.030000000000000006,
    "g_real": 0.0,
    "g_imag": -0.0009815217779447717,
    "e_real": 0.6074132545460822,
    "e_imag": 0.10112431401829751,
    "g_abs_square": 9.633850005798658e-07,
    "e_abs_square": 0.3791769886839349
}