{
    "amp": 0.014142135623730952,
    "show_trans_amp": 0.01,
    "g_real": 0.0,
    "g_imag": -0.00032913802718280254,
    "e_real": 0.20247962739396191,
    "e_imag": 0.033706387726007876,
    "g_abs_square": 1.0833184093778726e-07,
    "e_abs_square": 0.04213412008313362
}