{
    "amp": 0.01666751698511148,
    "show_trans_amp": 0.011785714285714287,
    "g_real": 0.0,
    "g_imag": -0.00038793532131746,
    "e_real": 0.23863630444416956,
    "e_imag": 0.03972535894609984,
    "g_abs_square": 1.5049381352568094e-07,
    "e_abs_square": 0.058525389942166856
}