{
    "amp": 0.06363961030678927,
    "show_trans_amp": 0.04499999999999999,
    "g_real": 0.0,
    "g_imag": -0.0014723532986385087,
    "e_real": 0.9110523234304193,
    "e_imag": 0.15168192930742364,
    "g_abs_square": 2.1678242360116976e-06,
    "e_abs_square": 0.8530237437063876
}