{
    "amp": 0.07071067811865475,
    "show_trans_amp": 0.049999999999999996,
    "g_real": 0.0,
    "g_imag": -0.0016359558902844726,
    "e_real": 1.012241972139277,
    "e_imag": 0.16853225408305894,
    "g_abs_square": 2.6763516749564613e-06,
    "e_abs_square": 1.0530369308267293
}