{
    "amp": 0.12727922061357855,
    "show_trans_amp": 0.08999999999999998,
    "g_real": 0.0,
    "g_imag": -0.0029465272837655514,
    "e_real": 1.8217708318156305,
    "e_imag": 0.30332033563568506,
    "g_abs_square": 8.682023033974799e-06,
    "e_abs_square": 3.4108521896643587
}