{
    "amp": 0.09899494936611666,
    "show_trans_amp": 0.07,
    "g_real": 0.0,
    "g_imag": -0.0022904444834523398,
    "e_real": 1.416991450879788,
    "e_imag": 0.2359284374458179,
    "g_abs_square": 5.246135931777256e-06,
    "e_abs_square": 2.063526999462032
}