{
    "amp": 0.05656854249492381,
    "show_trans_amp": 0.04,
    "g_real": 0.0,
    "g_imag": -0.001308768412865195,
    "e_real": 0.8098490786752798,
    "e_imag": 0.1348302318266805,
    "g_abs_square": 1.7128747585136815e-06,
    "e_abs_square": 0.6740347216456358
}