{
    "amp": 0.035,
    "show_trans_amp": 0.024748737341529162,
    "g_real": 0.0,
    "g_imag": -0.0008104025666010368,
    "e_real": 0.5010981527258725,
    "e_imag": 0.08342291453681097,
    "g_abs_square": 6.567523199535479e-07,
    "e_abs_square": 0.258058741335098
}