{
    "amp": 0.04,
    "show_trans_amp": 0.028284271247461898,
    "g_real": 0.0,
    "g_imag": -0.000925386193836451,
    "e_real": 0.5726778731053047,
    "e_imag": 0.09534106121747778,
    "g_abs_square": 8.563396077431136e-07,
    "e_abs_square": 0.3370498642984903
}