{
    "amp": 0.010000000000000002,
    "show_trans_amp": 0.007071067811865476,
    "g_real": 0.0,
    "g_imag": -0.00023143770273266584,
    "e_real": 0.14317492676742405,
    "e_imag": 0.023835242008306338,
    "g_abs_square": 5.35634102461738e-08,
    "e_abs_square": 0.02106717841645177
}