{
    "amp": 0.030000000000000006,
    "show_trans_amp": 0.021213203435596427,
    "g_real": 0.0,
    "g_imag": -0.0006961373778442928,
    "e_real": 0.42951681690143784,
    "e_imag": 0.07150394671762689,
    "g_abs_square": 4.846072488319277e-07,
    "e_abs_square": 0.18959751039734055
}