{
    "amp": 0.025000000000000005,
    "show_trans_amp": 0.01767766952966369,
    "g_real": 0.0,
    "g_imag": -0.0005812688424715328,
    "e_real": 0.35793328251262996,
    "e_imag": 0.059585527832704564,
    "g_abs_square": 3.3787346722819557e-07,
    "e_abs_square": 0.13166666985736816
}