{
    "amp": 0.015000000000000003,
    "show_trans_amp": 0.010606601717798213,
    "g_real": 0.0,
    "g_imag": -0.0003491307590681715,
    "e_real": 0.21476197089645657,
    "e_imag": 0.035750995444948495,
    "g_abs_square": 1.2189228692751762e-07,
    "e_abs_square": 0.04740083781863518
}