{
    "amp": 0.005,
    "show_trans_amp": 0.0035355339059327372,
    "g_real": 0.0,
    "g_imag": -0.0001157188511779925,
    "e_real": 0.07158746338403331,
    "e_imag": 0.011917621004462392,
    "g_abs_square": 1.3390852517954377e-08,
    "e_abs_square": 0.005266794604166313
}