{
    "amp": 0.020000000000000004,
    "show_trans_amp": 0.014142135623730952,
    "g_real": 0.0,
    "g_imag": -0.0004653194168431818,
    "e_real": 0.28634814171746364,
    "e_imag": 0.04766816011085627,
    "g_abs_square": 2.1652215969127876e-07,
    "e_abs_square": 0.08426751175339887
}