{
    "amp": 0.05,
    "show_trans_amp": 0.035355339059327376,
    "g_real": 0.0,
    "g_imag": -0.0011567422728679954,
    "e_real": 0.7158285604066824,
    "e_imag": 0.11917536013504555,
    "g_abs_square": 1.338052685839816e-06,
    "e_abs_square": 0.5266132943572212
}