{
    "amp": 0.045000000000000005,
    "show_trans_amp": 0.03181980515339464,
    "g_real": 0.0,
    "g_imag": -0.0010410630618889003,
    "e_real": 0.6442549077403872,
    "e_imag": 0.10725832884447661,
    "g_abs_square": 1.0838122988294922e-06,
    "e_abs_square": 0.4265687352540847
}