{
    "amp": 0.16970562748477142,
    "show_trans_amp": 0.12,
    "g_real": 0.0,
    "g_imag": -0.003933780670886911,
    "e_real": 2.4289582465412014,
    "e_imag": 0.4043989147112796,
    "g_abs_square": 1.5474630366643474e-05,
    "e_abs_square": 6.063376645660169
}