{
    "amp": 0.007071067811865476,
    "show_trans_amp": 0.005,
    "g_real": 0.0,
    "g_imag": -0.0001636511689397595,
    "e_real": 0.10123996161328715,
    "e_imag": 0.0168540612554446,
    "g_abs_square": 2.67817050953497e-08,
    "e_abs_square": 0.010533589208262133
}