{
    "amp": 0.02828427124746191,
    "show_trans_amp": 0.020000000000000004,
    "g_real": 0.0,
    "g_imag": -0.0006569554562078723,
    "e_real": 0.4049534599238141,
    "e_imag": 0.06741395798738072,
    "g_abs_square": 4.3159047144129366e-07,
    "e_abs_square": 0.16853194643579247
}