{
    "amp": 0.14142135623730953,
    "show_trans_amp": 0.1,
    "g_real": 0.0,
    "g_imag": -0.003275017309583941,
    "e_real": 2.0241630157785115,
    "e_imag": 0.33701458180134425,
    "g_abs_square": 1.0725738378074434e-05,
    "e_abs_square": 4.210814742792294
}