{
    "amp": 0.03535533905932738,
    "show_trans_amp": 0.025,
    "g_real": 0.0,
    "g_imag": -0.0008185670945247751,
    "e_real": 0.5061852434700074,
    "e_imag": 0.08426992188087666,
    "g_abs_square": 6.700520882387321e-07,
    "e_abs_square": 0.26332492044059974
}