{
    "amp": 0.21213203435596426,
    "show_trans_amp": 0.15,
    "g_real": 0.0,
    "g_imag": -0.0049219872978898,
    "e_real": 3.036180662548502,
    "e_imag": 0.5054754478781479,
    "g_abs_square": 2.4225958960588532e-05,
    "e_abs_square": 9.473898444041074
}