{
    "amp": 0.10606601717798213,
    "show_trans_amp": 0.075,
    "g_real": 0.0,
    "g_imag": -0.002454336039043878,
    "e_real": 1.5181857679161077,
    "e_imag": 0.2527768599886991,
    "g_abs_square": 6.023765392549593e-06,
    "e_abs_square": 2.3687841668487675
}