{
    "amp": 0.08485281374238571,
    "show_trans_amp": 0.06,
    "g_real": 0.0,
    "g_imag": -0.001963081692485071,
    "e_real": 1.2146057330764968,
    "e_imag": 0.2022303475851512,
    "g_abs_square": 3.85368973137005e-06,
    "e_abs_square": 1.516164200306705
}