{
    "amp": 0.09192388155425119,
    "show_trans_amp": 0.065,
    "g_real": 0.0,
    "g_imag": -0.0021266758191750335,
    "e_real": 1.3157978110371258,
    "e_imag": 0.21907960282051292,
    "g_abs_square": 4.5227500398638e-06,
    "e_abs_square": 1.7793197519020854
}