{
    "amp": 0.06363961030678929,
    "show_trans_amp": 0.045000000000000005,
    "g_real": 0.0,
    "g_imag": -0.0014723532986380748,
    "e_real": 0.9110523234304193,
    "e_imag": 0.1516819293074231,
    "g_abs_square": 2.16782423601042e-06,
    "e_abs_square": 0.8530237437063873
}