{
    "amp": 0.014142135623730954,
    "show_trans_amp": 0.010000000000000002,
    "g_real": 0.0,
    "g_imag": -0.0003291380271824696,
    "e_real": 0.20247962739396144,
    "e_imag": 0.03370638772600936,
    "g_abs_square": 1.0833184093756809e-07,
    "e_abs_square": 0.04213412008313354
}