{
    "amp": 0.28284271247461906,
    "show_trans_amp": 0.2,
    "g_real": 0.0,
    "g_imag": -0.006559938255640814,
    "e_real": 4.048251790386944,
    "e_imag": 0.6739448336179046,
    "g_abs_square": 4.303278991781984e-05,
    "e_abs_square": 16.842544197131357
}