{
    "amp": 0.04949747468305833,
    "show_trans_amp": 0.035,
    "g_real": 0.0,
    "g_imag": -0.0011451157974856935,
    "e_real": 0.7086352192291241,
    "e_imag": 0.11797765115131631,
    "g_abs_square": 1.3112901896512958e-06,
    "e_abs_square": 0.5160826001030905
}