{
    "amp": 0.02121320343559643,
    "show_trans_amp": 0.015000000000000003,
    "g_real": 0.0,
    "g_imag": -0.000493467781028372,
    "e_real": 0.3037177162949623,
    "e_imag": 0.0505597878005736,
    "g_abs_square": 2.435104509130653e-07,
    "e_abs_square": 0.09480074333386623
}