{
    "amp": 0.07071067811865477,
    "show_trans_amp": 0.05,
    "g_real": 0.0,
    "g_imag": -0.0016359558902863697,
    "e_real": 1.0122419721392766,
    "e_imag": 0.16853225408306008,
    "g_abs_square": 2.6763516749626683e-06,
    "e_abs_square": 1.053036930826729
}